C0199518923,
A9383285395
B7932999712
C6390913308
D8356291718
96-9587311
B7932999712
19-3136322
C7836526302
A3706458629

09-5111889
A9824759625
D3639339127
86-6324444

C2665896847

64-4494473
C9883149255
64-4494473
C2477021110
D2507219873
A5224016442
D8992895517
64-7173397
D0985294389
A4195059665
94-3886618
D8549360259
D8406096764
D8119514417
A1652643602
B1047114421

B2831352575
C4721215300


B8426722523
A0750292190
C7966010586
D1263382492

86-6324444
B1302071867
09-5111889
38-5109013
C8349669264
A0923389692
24-1651361
A6107738399
59-1521466
B9153577327
B4747383483
B3114961337
45-6711652


B8116028762
51-3984561
A0301796521
A7135730876
D9868570966
C5471875763
94-3886618
C2486363271
B8560719297
34-1167025
D3516713339
D5191373192
D6534556524
24-1651361
B6594307920
B0667673329
A7394786391
B4901838775

C8387651854
A7135730876
D9726048247
A7476663773
48-1769205
D8269311874

D8992895517
C8387651854
34-1167025
D7197177558


D0751253658
C8180681803
C4721215300
24-1651361
D7197177558
C1874682232
D9983832656
A5224016442
C2477021110
A7656008373
83-4401879
A1919786459
A9501753054
C7966010586
D3600877411
D2440363626


B7649567338
D4535340558
94-2432098
A0943466017
B3560453812
A7974811992
D9868570966
85-3032731
17-6105195
B3135098307

C7720975467
C5232024518
C2527866885
B9479074244
B4901838775
C6938144357
D3405738399
B7649567338

C8521553415
C8180681803
83-4401879
D6598074250
61-1100139

D4949425401
C2486363271

61-1100139
B5647927687



D5515926273
94-3886618
B5647927687
D8356291718
37-8167653
A6562833622
19-3136322

B1302071867
C4785358885
C9883149255
64-4494473

A1652643602
A0943466017

C2477021110
07-6913915
96-9587311

D2440363626
64-7173397
D6887650752
B4747383483
C5820441797




D3769942713
17-6105195

B9701873535
B3114961337
D8549360259
C6938144357
A3642699140
13-6202155
94-2432098
D0985294389
B7932999712
A0943466017
B4222493197
C8180681803
A2150826458
C2486363271
C2665896847

A4114790699
B3560453812
C2486363271
B5647927687
A5224016442
D0751253658
C0315829968
D8549360259
B2503869534
B0667673329
D5564091609
D5493718870

C6938144357
C4785358885
B1302071867
D3639339127
A2356695475
D9726048247
56-2291887
51-3984561
C0659557688
83-4401879


D6887650752
A9499931848
C1301696678
B7250129830
85-3032731
52-9011162
A9824759625

B4747383483
D8269311874
C8180681803
24-1651361
A4195059665
B8426722523
C5564885117
D3600877411

A7135730876
42-4075529
C8565047824
C5820441797
D9868570966
D6887650752
B6594307920
B1302071867

C2486363271
D1938774729
D8992895517

35-7670320
B9986557803

D2205967267
D5515926273
D6598074250

D5493718870
37-8167653

D6598074250
C6563700744
D3769942713
D7197177558
17-6105195
D3516184517
C0659557688
B1905472111
D0369069698

A2549561818
D5564091609
D9622429189
A7336665337
A2356695475
B0529778191
A7476663773
C2527866885

97-1463799
B3135098307
B4747383483
A2356695475
D2440363626


C2477021110
C0840217146
C2530704207
D2205967267
97-1463799
A1652643602
A5224016442
52-9011162
A0750292190
D1938774729
C5564885117
D8282569200
A2781606676
B6629932093
B9153577327

D6887650752
48-1769205
D8269311874
C0315829968

A5182568516

48-1769205

D4638312523
09-3973558
61-1100139
C8565047824
A9499931848
B8116028762
C0199518923
D7197177558
C6938144357
64-7173397
D6534556524
D2507219873
19-3136322
D3677460785

C2451484744
C0550572802
C6390913308

D7197177558
56-2291887
B1302071867
D2440363626
D3639339127
C3623479361
C8349669264
B9701873535
C0199518923

C6697208198
64-4494473
B7649567338

C4721215300
D1263382492

B1302071867
B3114961337
C9468553584
51-3984561
D5515926273
B1047114421


D1263382492
A7656008373
C7720975467
D7871290693
B0667673329
D8992895517
A2356695475
64-7173397
B8116028762
B7932999712
B3613796899
D8119514417
24-1651361
B9701873535
94-2432098
D9868570966
A7135730876
D0369069698
87-8049695
B3560453812

D3677460785
13-6202155
B9153577327
D2507219873
A2781606676
07-6913915
C7720975467
38-5109013
B3114961337
C2673914348
52-9011162
45-6711652

C3623479361

47-6473901
A1919786459
B3135098307
97-1463799
52-9011162
D4638312523
48-1769205
C2665896847
B1905472111
B4329886405
A8857026223
D8406096764
B6629932093


64-7173397
A3642699140
A0965866036

D7871290693

51-3984561
A5182568516
D8053038202
B9986557803
A2356695475
C7405915994
B2391029488
A7394786391
13-6202155
A9499931848
D0985294389
D0369069698
A2781606676
A8857026223
42-4075529

C5232024518
C6697208198
37-8167653

B4329886405
A9501753054
B8118245955


34-1167025
C2486363271
C5820441797
B9479074244
A0750292190
B2503869534
B9153577327
B0529778191
D7871290693
B3114961337

D9622429189

B2456071697
A7135730876
C8487820691

A3410814072
61-1100139
24-1651361
A9501753054
B8426722523
D1203722082
C7966010586
24-1651361
A1652643602


A6107738399
A1652643602
C7966010586
B9986557803
D1263382492

A2150826458
D5106706321

D6887650752
B9153577327
D0369069698
A0923389692
09-3973558
A7336665337
B5647927687
47-6473901
C8180681803
64-7173397
97-1463799
D1938774729
B3135098307
B3560453812
B7250129830
B8560719297
D0328630274
A2781606676
42-4075529
C2486363271
B1302071867
B0529778191
A0301796521


D5515926273
D8992895517
B2456071697
B2391029488
C2477021110